DIC_ROCK_MERGIN,CATEGORY_MERGIN,RCS_TRANSLATION_CAPS,RCS_DESCRITPION,RCS_TRANSLATION_LOWERCASE,RCS_code,DigMap_All,ALL-COUNT,ROCK_HIERARCHY,Composite,RANK01_DESC,RANK02_CODE,RANK02_DESC,,,,,,,,,,,,,,,,,,,,,,,,
DIC_ROCK_MERGIN,ARTIFICIAL DEPOSIT,ARTIFICIAL DEPOSIT,"Artificial deposit - A type of artificially modified ground. British Geological Survey Research Report RR/99/04, section 3.",Artificial deposit,ARTDP,0,60335,MAIN,SINGLE,ARTIFICIALLY MODIFIED GROUND,ARTDP,ARTIFICIAL DEPOSIT,,,,,,,,,,,,,,,,,,,,,,,,
DIC_ROCK_MERGIN,ARTIFICIAL DEPOSIT,ARTIFICIALLY MODIFIED GROUND,"Artificially modified ground - A type of superficial deposit (natural and/or artificial). British Geological Survey Research Report RR/99/04, section 3.",Artificially modified ground,ARTGR,0,7,MAIN,SINGLE,ARTIFICIALLY MODIFIED GROUND,,,,,,,,,,,,,,,,,,,,,,,,,,
DIC_ROCK_MERGIN,FAULT ROCKS,CATACLASITE,"Cataclasite - A type of cataclastic-rock. In the Rock Classification Scheme, it is one in which fragments significantly coarser than the matrix comprise 10 - 50% by volume of the rock. British Geological Survey Research Report RR/99/02, section 7.2 and table 4.",Cataclasite,CAT,234,248,MAIN,SINGLE,METAMORPHIC ROCKS AND METASEDIMENTS,MBRK,MECHANICALLY BROKEN AND RECONSTITUTED ROCK (METAMORPHIC),,,,,,,,,,,,,,,,,,,,,,,,
DIC_ROCK_MERGIN,FAULT ROCKS,FAULT-BRECCIA,"Fault-breccia - A type of mechanically broken rock without primary cohesion. In the Rock Classification Scheme, a fault-breccia is not foliated, and contains angular to rounded fragments that comprise more than 30% of the rock which are significantly coarser than the matrix, and are composed of mechanically broken rock fragments and/or mineral grains. British Geological Survey Research Report RR/99/02, section 7.1 and table 3.",Fault-breccia,FBRC,0,490,MAIN,SINGLE,METAMORPHIC ROCKS AND METASEDIMENTS,MBRK,MECHANICALLY BROKEN AND RECONSTITUTED ROCK (METAMORPHIC),,,,,,,,,,,,,,,,,,,,,,,,
DIC_ROCK_MERGIN,FAULT ROCKS,FAULT-GOUGE,"Fault-gouge - A type of mechanically broken rock without primary cohesion. In the Rock Classification Scheme, a fault-gouge may be strongly foliated, and comprises less than 30% fragments lying in fine-grained, commonly clayey matrix. British Geological Survey Research Report RR/99/02, section 7.1 and table 3.",Fault-gouge,FGOUGE,15,73,MAIN,SINGLE,METAMORPHIC ROCKS AND METASEDIMENTS,MBRK,MECHANICALLY BROKEN AND RECONSTITUTED ROCK (METAMORPHIC),,,,,,,,,,,,,,,,,,,,,,,,
DIC_ROCK_MERGIN,FAULT ROCKS,MYLONITE,"Mylonite - A type of mylonitic-rock. In the Rock Classification Scheme, it is one in which porphyroclasts comprise 10 - 50% by volume of the rock. British Geological Survey Research Report RR/99/02, section 7.3 and table 5.",Mylonite,MYLO,310,320,MAIN,SINGLE,METAMORPHIC ROCKS AND METASEDIMENTS,MBRK,MECHANICALLY BROKEN AND RECONSTITUTED ROCK (METAMORPHIC),,,,,,,,,,,,,,,,,,,,,,,,
DIC_ROCK_MERGIN,IGNEOUS-VOLCANIC ROCK,AGGLOMERATE,"Agglomerate - A type of pyroclastic-rock. In the Rock Classification Scheme, it is a pyroclastic-rock in which more than 75% of the pyroclastic fragments exceed 64 mm in size. Agglomerate and pyroclastic-breccia are separated according to the relative proportion of blocks (angular fragments exceeding 64 mm) and bombs (rounded fragments exceeding 64 mm): if bombs dominate over blocks the rock is agglomerate. It is the consolidated equivalent of bomb-tephra or block-bomb-tephra. British Geological Survey Research Report RR/99/06, section 4.2 and fig. 4.",Agglomerate,AGG,773,1011,MAIN,SINGLE,IGNEOUS ROCK AND IGNEOUS SEDIMENT,+~FIS,FRAGMENTAL IGNEOUS ROCK AND FRAGMENTAL IGNEOUS SEDIMENT,,,,,,,,,,,,,,,,,,,,,,,,
DIC_ROCK_MERGIN,IGNEOUS ROCK,ANDESITE,"Andesite - A type of andesitic-rock. In the Rock Classification Scheme, this name is used for a fine-grained crystalline igneous rock when the modal mineralogy is available, and the mineral mode plots in fields 9 and 10 of the quartz - alkali feldspar - plagioclase - feldspathoid (QAPF) diagram. Andesite and basalt may be separated chemically using SiO<sub>2</sub> content: if wt% SiO<sub>2</sub> is greater than 52% the rock is andesite. British Geological Survey Research Report RR/99/06, section 5.2 and figs. 17a, 19, 21.",Andesite,AND,4739,5039,MAIN,SINGLE,IGNEOUS ROCK AND IGNEOUS SEDIMENT,CIR,CRYSTALLINE-IGNEOUS-ROCK,,,,,,,,,,,,,,,,,,,,,,,,
DIC_ROCK_MERGIN,IGNEOUS ROCK,BASALT,"Basalt - A type of basaltic-rock. In the Rock Classification Scheme, this name is used for a fine-grained crystalline igneous rock when the modal mineralogy is available, and the mineral mode plots in fields 9 and 10 of the quartz - alkali feldspar - plagioclase - feldspathoid (QAPF) diagram. Andesite and basalt may be separated chemically using SiO<sub>2</sub> content: if wt% SiO<sub>2</sub> is less than 52% the rock is basalt. British Geological Survey Research Report RR/99/06, section 5.2 and figs. 17a, 19.",Basalt,BA,3628,6927,MAIN,SINGLE,IGNEOUS ROCK AND IGNEOUS SEDIMENT,CIR,CRYSTALLINE-IGNEOUS-ROCK,,,,,,,,,,,,,,,,,,,,,,,,
DIC_ROCK_MERGIN,IGNEOUS ROCK,BASALT AND ANDESITE,Basalt and andesite,Basalt and andesite,BAAN,1867,1872,CPST,COMPOSITE,IGNEOUS ROCK AND IGNEOUS SEDIMENT,CIR,CRYSTALLINE-IGNEOUS-ROCK,,,,,,,,,,,,,,,,,,,,,,,,
DIC_ROCK_MERGIN,IGNEOUS ROCK,BASALT AND MICROGABBRO,Basalt and microgabbro,Basalt and microgabbro,BAMG,12992,12992,CPST,COMPOSITE,IGNEOUS ROCK AND IGNEOUS SEDIMENT,CIR,CRYSTALLINE-IGNEOUS-ROCK,,,,,,,,,,,,,,,,,,,,,,,,
DIC_ROCK_MERGIN,IGNEOUS ROCK,BASALTIC-ROCK,"Basaltic-rock - A type of mafite. In the Rock Classification Scheme, this class includes basalt and similar rocks. The term may be used as a field classification when an accurate mineral mode from thin section examination, or a chemical analysis, is not available. British Geological Survey Research Report RR/99/06, section 5.2 and figs. 17, 18.",Basaltic-rock,BAR,1097,1125,MAIN,SINGLE,IGNEOUS ROCK AND IGNEOUS SEDIMENT,CIR,CRYSTALLINE-IGNEOUS-ROCK,,,,,,,,,,,,,,,,,,,,,,,,
DIC_ROCK_MERGIN,IGNEOUS ROCK,DIORITE,"Diorite - A type of dioritic-rock. In the Rock Classification Scheme, it is a coarse-grained crystalline igneous rock whose mineral mode plots in field 10 of the quartz - alkali feldspar - plagioclase - feldspathoid (QAPF) diagram. Diorite, gabbro and anorthosite are separated according to the average composition of their plagioclase and the proportion of mafic minerals (M): if M is greater than 10% and An (the anorthite content of plagioclase) is less than 50% the rock is diorite. British Geological Survey Research Report RR/99/06, section 5.1 and figs. 9, 11, 12.",Diorite,DI,676,868,MAIN,SINGLE,IGNEOUS ROCK AND IGNEOUS SEDIMENT,CIR,CRYSTALLINE-IGNEOUS-ROCK,,,,,,,,,,,,,,,,,,,,,,,,
DIC_ROCK_MERGIN,IGNEOUS ROCK,DIORITE AND GABBRO,Diorite and gabbro,Diorite and gabbro,DIGB,601,601,CPST,COMPOSITE,IGNEOUS ROCK AND IGNEOUS SEDIMENT,CIR,CRYSTALLINE-IGNEOUS-ROCK,,,,,,,,,,,,,,,,,,,,,,,,
DIC_ROCK_MERGIN,IGNEOUS ROCK,DUNITE,"Dunite - A type of peridotite. In the Rock Classification Scheme, it is a peridotite with olivine >90%, pyroxene <10% and hornblende <10% of olivine + pyroxene + hornblende. British Geological Survey Research Report RR/99/06, section 5.1 and figs. 15, 16.",Dunite,DUN,7,10,MAIN,SINGLE,IGNEOUS ROCK AND IGNEOUS SEDIMENT,CIR,CRYSTALLINE-IGNEOUS-ROCK,,,,,,,,,,,,,,,,,,,,,,,,
DIC_ROCK_MERGIN,IGNEOUS ROCK,FELSITE,"Felsite - A type of fine-grained normal crystalline rock. It is a general term used for light-coloured aphanitic rocks. In the Rock Classification Scheme, the class includes rhyolitic-rock, dacitic-rock, and trachytic-rock. British Geological Survey Research Report RR/99/06, section 5.2 and fig. 17.",Felsite,FELS,6294,6373,MAIN,SINGLE,IGNEOUS ROCK AND IGNEOUS SEDIMENT,CIR,CRYSTALLINE-IGNEOUS-ROCK,,,,,,,,,,,,,,,,,,,,,,,,
DIC_ROCK_MERGIN,IGNEOUS ROCK,GABBRO,"Gabbro - A type of gabbroic-rock. In the Rock Classification Scheme, it is a coarse-grained crystalline igneous rock whose mineral mode plots in field 10 of the quartz - alkali feldspar - plagioclase - feldspathoid (QAPF) diagram. Diorite, gabbro and anorthosite are separated according to the average composition of their plagioclase and the proportion of mafic minerals (M): if M is greater than 10% and An (the anorthite content of plagioclase) is greater than 50% the rock is gabbro. British Geological Survey Research Report RR/99/06, section 5.1 and figs. 9, 11, 12.",Gabbro,GB,769,861,MAIN,SINGLE,IGNEOUS ROCK AND IGNEOUS SEDIMENT,CIR,CRYSTALLINE-IGNEOUS-ROCK,,,,,,,,,,,,,,,,,,,,,,,,
DIC_ROCK_MERGIN,IGNEOUS ROCK,GABBROIC-ROCK,"Gabbroic-rock - A type of coarse-grained normal crystalline rock. In the Rock Classification Scheme, this class includes gabbro, monzogabbro, and similar rocks. The term may be used as a field classification when an accurate mineral mode from thin section examination is not available. British Geological Survey Research Report RR/99/06, section 5.1 and figs. 9, 10.",Gabbroic-rock,GBR,88,97,MAIN,SINGLE,IGNEOUS ROCK AND IGNEOUS SEDIMENT,CIR,CRYSTALLINE-IGNEOUS-ROCK,,,,,,,,,,,,,,,,,,,,,,,,
DIC_ROCK_MERGIN,IGNEOUS ROCK,GRANITE,"Granite - A type of granitic-rock. In the Rock Classification Scheme, it is a coarse-grained crystalline igneous rock whose mineral mode plots in field 3 of the quartz - alkali feldspar - plagioclase - feldspathoid (QAPF) diagram. Granite may be subdivided into syenogranite and monzogranite. British Geological Survey Research Report RR/99/06, section 5.1 and figs. 9, 11, 12.",Granite,GN,2739,3058,MAIN,SINGLE,IGNEOUS ROCK AND IGNEOUS SEDIMENT,CIR,CRYSTALLINE-IGNEOUS-ROCK,,,,,,,,,,,,,,,,,,,,,,,,
DIC_ROCK_MERGIN,IGNEOUS ROCK,GRANITIC-ROCK,"Granitic-rock - A type of coarse-grained normal crystalline rock. In the Rock Classification Scheme, this class includes granite, granodiorite, tonalite, and similar rocks. The term may be used as a field classification when an accurate mineral mode from thin section examination is not available. British Geological Survey Research Report RR/99/06, section 5.1 and figs. 9, 10.",Granitic-rock,GNR,831,866,MAIN,SINGLE,IGNEOUS ROCK AND IGNEOUS SEDIMENT,CIR,CRYSTALLINE-IGNEOUS-ROCK,,,,,,,,,,,,,,,,,,,,,,,,
DIC_ROCK_MERGIN,IGNEOUS ROCK,GRANODIORITE,"Granodiorite - A type of granitic-rock. In the Rock Classification Scheme, it is a coarse-grained crystalline igneous rock whose mineral mode plots in field 4 of the quartz - alkali feldspar - plagioclase - feldspathoid (QAPF) diagram. British Geological Survey Research Report RR/99/06, section 5.1 and figs. 9, 11, 12.",Granodiorite,GD,548,620,MAIN,SINGLE,IGNEOUS ROCK AND IGNEOUS SEDIMENT,CIR,CRYSTALLINE-IGNEOUS-ROCK,,,,,,,,,,,,,,,,,,,,,,,,
DIC_ROCK_MERGIN,IGNEOUS ROCK,IGNEOUS ROCK,Igneous rock,Igneous rock,IGRU,145,2948,MAIN,SINGLE,IGNEOUS ROCK AND IGNEOUS SEDIMENT,IGRU,IGNEOUS ROCK,,,,,,,,,,,,,,,,,,,,,,,,
DIC_ROCK_MERGIN,IGNEOUS ROCK,"IGNEOUS-ROCK, MAFIC","Igneous-rock, mafic",Mafic igneous-rock,MFIR,254,278,MAIN,SINGLE,IGNEOUS ROCK AND IGNEOUS SEDIMENT,CIR,CRYSTALLINE-IGNEOUS-ROCK,,,,,,,,,,,,,,,,,,,,,,,,
DIC_ROCK_MERGIN,IGNEOUS ROCK,INTRUSION-BRECCIA,"Intrusion-breccia - An intrusive fragmental igneous rock. British Geological Survey Research Report RR/99/06, section 8.2.",Intrusion-breccia,IBREC,47,65,MAIN,SINGLE,SEDIMENT AND SEDIMENTARY ROCK,+*SSSR,SILICICLASTIC SEDIMENTS AND SEDIMENTARY ROCKS,,,,,,,,,,,,,,,,,,,,,,,,
DIC_ROCK_MERGIN,IGNEOUS ROCK,IRONSTONE,"Ironstone - In the Rock Classification Scheme, all lithified iron-rich sedimentary rocks are given this group name. This is the lithified equivalent of iron-sediment. The textural classification of ironstones follows that for limestone. The classification of ironstones composed dominantly of one constituent similarly follows that for limestone. British Geological Survey Research Report RR/99/03, section 5.2 and fig. 9.",Ironstone,FEST,253,27836,MAIN,SINGLE,SEDIMENT AND SEDIMENTARY ROCK,+*ISSR,IRON-SEDIMENTS AND IRONSTONES,,,,,,,,,,,,,,,,,,,,,,,,
DIC_ROCK_MERGIN,IGNEOUS ROCK,LAMPROPHYRES,"Lamprophyre - A type of exotic crystalline igneous rock. Lamprophyres are mesocratic to melanocratic igneous rocks, usually hypabyssal, with a panidiomorphic texture and abundant mafic phenocrysts of dark mica (biotite or Fe-phlogopite) and/or amphibole, with or without pyroxene, with or without olivine, and sometimes melilite, set in a matrix of the same minerals. Any feldspar, usually alkali feldspar, is restricted to the groundmass. British Geological Survey Research Report RR/99/06, section 6.7.",Lamprophyre,LMPY,6251,6315,MAIN,SINGLE,IGNEOUS ROCK AND IGNEOUS SEDIMENT,CIR,CRYSTALLINE-IGNEOUS-ROCK,,,,,,,,,,,,,,,,,,,,,,,,
DIC_ROCK_MERGIN,IGNEOUS-VOLCANIC ROCK,LAPILLISTONE,"Lapillistone - A type of pyroclastic-rock. In the Rock Classification Scheme, it is a pyroclastic-rock in which the average size of more than 75% of the pyroclastic fragments is less than 64 mm. Lapillistone, lapilli-tuff, and tuff are separated according to the relative proportion of lapilli-grade (2 - 64 mm) and ash-grade (<2 mm) fragments: if more than 75% of the fragments are lapilli the rock is lapillistone. It is the consolidated equivalent of lapilli-tephra. British Geological Survey Research Report RR/99/06, section 4.2 and fig. 4.",Lapillistone,LPST,0,2,MAIN,SINGLE,IGNEOUS ROCK AND IGNEOUS SEDIMENT,+~FIS,FRAGMENTAL IGNEOUS ROCK AND FRAGMENTAL IGNEOUS SEDIMENT,,,,,,,,,,,,,,,,,,,,,,,,
DIC_ROCK_MERGIN,IGNEOUS-VOLCANIC ROCK,LAPILLI-TUFF,"Lapilli-tuff - A type of pyroclastic-rock. In the Rock Classification Scheme, it is a pyroclastic-rock in which the average size of more than 75% of the pyroclastic fragments is less than 64 mm. Lapillistone, lapilli-tuff, and tuff are separated according to the relative proportion of lapilli-grade (2 - 64 mm) and ash-grade (<2 mm) fragments: if between 25% and 75% of the fragments are lapilli the rock is lapilli-tuff. It is the consolidated equivalent of lapilli-ash. British Geological Survey Research Report RR/99/06, section 4.2 and fig. 4.",Lapilli-tuff,LPTUF,1113,1263,MAIN,SINGLE,IGNEOUS ROCK AND IGNEOUS SEDIMENT,+~FIS,FRAGMENTAL IGNEOUS ROCK AND FRAGMENTAL IGNEOUS SEDIMENT,,,,,,,,,,,,,,,,,,,,,,,,
DIC_ROCK_MERGIN,IGNEOUS-VOLCANIC ROCK,"LAPILLI-TUFF, ANDESITIC","Lapilli-tuff, andesitic",Andesitic lapilli-tuff,ANLTUF,680,690,MAIN,SINGLE,IGNEOUS ROCK AND IGNEOUS SEDIMENT,+~FIS,FRAGMENTAL IGNEOUS ROCK AND FRAGMENTAL IGNEOUS SEDIMENT,,,,,,,,,,,,,,,,,,,,,,,,
DIC_ROCK_MERGIN,IGNEOUS-VOLCANIC ROCK,"LAPILLI-TUFF, DACITIC","Lapilli-tuff, dacitic",Dacitic lapilli-tuff,DALTUF,1186,1199,MAIN,SINGLE,IGNEOUS ROCK AND IGNEOUS SEDIMENT,+~FIS,FRAGMENTAL IGNEOUS ROCK AND FRAGMENTAL IGNEOUS SEDIMENT,,,,,,,,,,,,,,,,,,,,,,,,
DIC_ROCK_MERGIN,IGNEOUS-VOLCANIC ROCK,"LAPILLI-TUFF, RHYOLITIC","Lapilli-tuff, rhyolitic",Rhyolitic lapilli-tuff,RYLTUF,640,649,MAIN,SINGLE,IGNEOUS ROCK AND IGNEOUS SEDIMENT,+~FIS,FRAGMENTAL IGNEOUS ROCK AND FRAGMENTAL IGNEOUS SEDIMENT,,,,,,,,,,,,,,,,,,,,,,,,
DIC_ROCK_MERGIN,IGNEOUS ROCK,LAVA,Lava,Lava,LAVA,387,583,MAIN,SINGLE,IGNEOUS ROCK AND IGNEOUS SEDIMENT,CIR,CRYSTALLINE-IGNEOUS-ROCK,,,,,,,,,,,,,,,,,,,,,,,,
DIC_ROCK_MERGIN,IGNEOUS ROCK,"LAVA, BASALTIC","Lava, basaltic",Basaltic lava,BCLAVA,1380,1392,MAIN,SINGLE,IGNEOUS ROCK AND IGNEOUS SEDIMENT,CIR,CRYSTALLINE-IGNEOUS-ROCK,,,,,,,,,,,,,,,,,,,,,,,,
DIC_ROCK_MERGIN,IGNEOUS ROCK,MAFITE,"Mafite - A type of fine-grained normal crystalline rock. It is a general term used for dark-coloured aphanitic rocks. In the Rock Classification Scheme, the class includes andesitic-rock, basaltic-rock, phonolitic-rock, tephritic-rock and foiditic-rock. British Geological Survey Research Report RR/99/06, section 5.2 and fig. 17.",Mafite,MAFI,501,507,MAIN,SINGLE,IGNEOUS ROCK AND IGNEOUS SEDIMENT,CIR,CRYSTALLINE-IGNEOUS-ROCK,,,,,,,,,,,,,,,,,,,,,,,,
DIC_ROCK_MERGIN,IGNEOUS ROCK,MICRODIORITE,"Microdiorite - A type of microdioritic-rock. In the Rock Classification Scheme, it is the medium-grained equivalent of diorite. British Geological Survey Research Report RR/99/06, section 5.1.",Microdiorite,MCDI,2699,2730,MAIN,SINGLE,IGNEOUS ROCK AND IGNEOUS SEDIMENT,CIR,CRYSTALLINE-IGNEOUS-ROCK,,,,,,,,,,,,,,,,,,,,,,,,
DIC_ROCK_MERGIN,IGNEOUS ROCK,MICROGABBRO,"Microgabbro - A type of microgabbroic-rock. In the Rock Classification Scheme, it is the medium-grained equivalent of gabbro. British Geological Survey Research Report RR/99/06, section 5.1.",Microgabbro,MCGB,10545,10596,MAIN,SINGLE,IGNEOUS ROCK AND IGNEOUS SEDIMENT,CIR,CRYSTALLINE-IGNEOUS-ROCK,,,,,,,,,,,,,,,,,,,,,,,,
DIC_ROCK_MERGIN,IGNEOUS ROCK,MICROGRANITE,"Microgranite - A type of microgranitic-rock. In the Rock Classification Scheme, it is the medium-grained equivalent of granite. Microgranite may be subdivided into microsyenogranite and micromonzogranite. British Geological Survey Research Report RR/99/06, section 5.1.",Microgranite,MCGN,1879,1930,MAIN,SINGLE,IGNEOUS ROCK AND IGNEOUS SEDIMENT,CIR,CRYSTALLINE-IGNEOUS-ROCK,,,,,,,,,,,,,,,,,,,,,,,,
DIC_ROCK_MERGIN,IGNEOUS ROCK,MICROGRANODIORITE,"Microgranodiorite - A type of microgranitic-rock. In the Rock Classification Scheme, it is the medium-grained equivalent of granodiorite. British Geological Survey Research Report RR/99/06, section 5.1.",Microgranodiorite,MCGD,295,309,MAIN,SINGLE,IGNEOUS ROCK AND IGNEOUS SEDIMENT,CIR,CRYSTALLINE-IGNEOUS-ROCK,,,,,,,,,,,,,,,,,,,,,,,,
DIC_ROCK_MERGIN,IGNEOUS ROCK,PEGMATITE,"Pegmatite - A type of coarse-grained normal crystalline rock. In the Rock Classification Scheme, the term pegmatite is used for veins comprised of coarse or very coarse crystals. The term is used with qualifiers to describe component minerals in increasing abundance, for example biotite-quartz-feldspar pegmatite. British Geological Survey Research Report RR/99/06, section 8.1.",Pegmatite,PEG,2107,2133,MAIN,SINGLE,IGNEOUS ROCK AND IGNEOUS SEDIMENT,CIR,CRYSTALLINE-IGNEOUS-ROCK,,,,,,,,,,,,,,,,,,,,,,,,
DIC_ROCK_MERGIN,IGNEOUS-VOLCANIC ROCK,PYROCLASTIC-ROCK,"Pyroclastic-rock - In the Rock Classification Scheme, pyroclastic-rock contains more than 75% by volume pyroclastic fragments. It is the consolidated equivalent of pyroclastic-sediment. British Geological Survey Research Report RR/99/06, section 4.2 and fig. 4.",Pyroclastic-rock,PYRR,799,869,MAIN,SINGLE,IGNEOUS ROCK AND IGNEOUS SEDIMENT,+~FIS,FRAGMENTAL IGNEOUS ROCK AND FRAGMENTAL IGNEOUS SEDIMENT,,,,,,,,,,,,,,,,,,,,,,,,
DIC_ROCK_MERGIN,IGNEOUS ROCK,RHYOLITE,"Rhyolite - A type of rhyolitic-rock. In the Rock Classification Scheme, this name is used for a fine-grained crystalline igneous rock when the modal mineralogy is available, and the mineral mode plots in field 3 of the quartz - alkali feldspar - plagioclase - feldspathoid (QAPF) diagram. It is the fine-grained equivalent of granite. British Geological Survey Research Report RR/99/06, section 5.2 and figs. 17a, 19.",Rhyolite,RY,1242,1350,MAIN,SINGLE,IGNEOUS ROCK AND IGNEOUS SEDIMENT,CIR,CRYSTALLINE-IGNEOUS-ROCK,,,,,,,,,,,,,,,,,,,,,,,,
DIC_ROCK_MERGIN,IGNEOUS ROCK,SYENITE,"Syenite - A type of syenitic-rock. In the Rock Classification Scheme, it is a coarse-grained crystalline igneous rock whose mineral mode plots in field 7 of the quartz - alkali feldspar - plagioclase - feldspathoid (QAPF) diagram. British Geological Survey Research Report RR/99/06, section 5.1 and figs. 9, 11, 12.",Syenite,SY,20,23,MAIN,SINGLE,IGNEOUS ROCK AND IGNEOUS SEDIMENT,CIR,CRYSTALLINE-IGNEOUS-ROCK,,,,,,,,,,,,,,,,,,,,,,,,
DIC_ROCK_MERGIN,IGNEOUS-VOLCANIC ROCK,TEPHRA (PYROCLASTIC SEDIMENT),Tephra. Synonym: pyroclastic-sediment,Tephra,TPH,0,0,MAIN,SINGLE,IGNEOUS ROCK AND IGNEOUS SEDIMENT,+~FIS,FRAGMENTAL IGNEOUS ROCK AND FRAGMENTAL IGNEOUS SEDIMENT,,,,,,,,,,,,,,,,,,,,,,,,
DIC_ROCK_MERGIN,IGNEOUS ROCK,TONALITE,"Tonalite - A type of granitic-rock. In the Rock Classification Scheme, it is a coarse-grained crystalline igneous rock whose mineral mode plots in field 5 of the quartz - alkali feldspar - plagioclase - feldspathoid (QAPF) diagram. British Geological Survey Research Report RR/99/06, section 5.1 and figs. 9, 11, 12.",Tonalite,TO,48,73,MAIN,SINGLE,IGNEOUS ROCK AND IGNEOUS SEDIMENT,CIR,CRYSTALLINE-IGNEOUS-ROCK,,,,,,,,,,,,,,,,,,,,,,,,
DIC_ROCK_MERGIN,IGNEOUS ROCK,TRACHYTE,"Trachyte - A type of trachytic-rock. In the Rock Classification Scheme, this name is used for a fine-grained crystalline igneous rock when the modal mineralogy is available, and the mineral mode plots in field 7 of the quartz - alkali feldspar - plagioclase - feldspathoid (QAPF) diagram. British Geological Survey Research Report RR/99/06, section 5.2 and figs. 17a, 19.",Trachyte,TR,1081,1158,MAIN,SINGLE,IGNEOUS ROCK AND IGNEOUS SEDIMENT,CIR,CRYSTALLINE-IGNEOUS-ROCK,,,,,,,,,,,,,,,,,,,,,,,,
DIC_ROCK_MERGIN,IGNEOUS-VOLCANIC ROCK,TUFF,"Tuff - A type of pyroclastic-rock. In the Rock Classification Scheme, it is a pyroclastic-rock in which the average size of more than 75% of the pyroclastic fragments is less than 64 mm. Lapillistone, lapilli-tuff, and tuff are separated according to the relative proportion of lapilli-grade (2 - 64 mm) and ash-grade (<2 mm) fragments: if less than 25% of the fragments are lapilli the rock is tuff. It is the consolidated equivalent of ash. British Geological Survey Research Report RR/99/06, section 4.2 and fig. 4.",Tuff,TUF,1718,3601,MAIN,SINGLE,IGNEOUS ROCK AND IGNEOUS SEDIMENT,+~FIS,FRAGMENTAL IGNEOUS ROCK AND FRAGMENTAL IGNEOUS SEDIMENT,,,,,,,,,,,,,,,,,,,,,,,,
DIC_ROCK_MERGIN,IGNEOUS-VOLCANIC ROCK,TUFF AND AGGLOMERATE,Tuff and agglomerate,Tuff and agglomerate,TUAG,1435,1458,CPST,COMPOSITE,IGNEOUS ROCK AND IGNEOUS SEDIMENT,+~FIS,FRAGMENTAL IGNEOUS ROCK AND FRAGMENTAL IGNEOUS SEDIMENT,,,,,,,,,,,,,,,,,,,,,,,,
DIC_ROCK_MERGIN,IGNEOUS-VOLCANIC ROCK,"TUFF, ANDESITIC","Tuff, andesitic",Andesitic tuff,ANDTFF,588,602,MAIN,SINGLE,IGNEOUS ROCK AND IGNEOUS SEDIMENT,+~FIS,FRAGMENTAL IGNEOUS ROCK AND FRAGMENTAL IGNEOUS SEDIMENT,,,,,,,,,,,,,,,,,,,,,,,,
DIC_ROCK_MERGIN,IGNEOUS-VOLCANIC ROCK,"TUFF, BASALT","Tuff, basalt",Basalt tuff,BASTUF,0,1,MAIN,SINGLE,IGNEOUS ROCK AND IGNEOUS SEDIMENT,+~FIS,FRAGMENTAL IGNEOUS ROCK AND FRAGMENTAL IGNEOUS SEDIMENT,,,,,,,,,,,,,,,,,,,,,,,,
DIC_ROCK_MERGIN,IGNEOUS-VOLCANIC ROCK,"TUFF, FELSIC","Tuff, felsic",Felsic tuff,FTUFF,2136,2165,MAIN,SINGLE,IGNEOUS ROCK AND IGNEOUS SEDIMENT,+~FIS,FRAGMENTAL IGNEOUS ROCK AND FRAGMENTAL IGNEOUS SEDIMENT,,,,,,,,,,,,,,,,,,,,,,,,
DIC_ROCK_MERGIN,IGNEOUS-VOLCANIC ROCK,"TUFF, MAFIC","Tuff, mafic",Mafic tuff,MFTUF,349,361,MAIN,SINGLE,IGNEOUS ROCK AND IGNEOUS SEDIMENT,+~FIS,FRAGMENTAL IGNEOUS ROCK AND FRAGMENTAL IGNEOUS SEDIMENT,,,,,,,,,,,,,,,,,,,,,,,,
DIC_ROCK_MERGIN,IGNEOUS-VOLCANIC ROCK,"TUFF, RHYOLITIC","Tuff, rhyolitic",Rhyolitic tuff,RYTUF,687,727,MAIN,SINGLE,IGNEOUS ROCK AND IGNEOUS SEDIMENT,+~FIS,FRAGMENTAL IGNEOUS ROCK AND FRAGMENTAL IGNEOUS SEDIMENT,,,,,,,,,,,,,,,,,,,,,,,,
DIC_ROCK_MERGIN,IGNEOUS ROCK,ULTRAMAFIC-ROCK,"Ultramafic-rock - A type of coarse-grained normal crystalline rock. In the Rock Classification Scheme, a rock is ultramafic if the proportion of mafic minerals (M) is greater than 90%. They are classified according to their mafic mineral content, namely olivine, orthopyroxene, clinopyroxene and hornblende. The class includes peridotite, pyroxenite, and hornblendite. The term may be used as a field classification when an accurate mineral mode from thin section examination is not available. British Geological Survey Research Report RR/99/06, section 5.1 and figs. 9, 12.",Ultramafic-rock,UMR,163,195,MAIN,SINGLE,IGNEOUS ROCK AND IGNEOUS SEDIMENT,CIR,CRYSTALLINE-IGNEOUS-ROCK,,,,,,,,,,,,,,,,,,,,,,,,
DIC_ROCK_MERGIN,IGNEOUS-VOLCANIC ROCK,VOLCANICLASTIC ROCKS (BOTH PYROCLASTIC & REWORKED VOLCANIC ROCKS),Volcaniclastic rocks (both pyroclastic and reworked volcanic rocks),Volcaniclastic rocks (both pyroclastic and reworked volcanic rocks),VLSS,1581,1637,CPST,COMPOSITE,IGNEOUS ROCK AND IGNEOUS SEDIMENT,+~FIS,FRAGMENTAL IGNEOUS ROCK AND FRAGMENTAL IGNEOUS SEDIMENT,,,,,,,,,,,,,,,,,,,,,,,,
DIC_ROCK_MERGIN,IGNEOUS-VOLCANIC ROCK,VOLCANICLASTIC-BRECCIA,"Volcaniclastic-breccia - A type of volcaniclastic-sedimentary-rock. British Geological Survey Research Report RR/99/06, section 4.2 and fig. 4. See also: breccia.",Volcaniclastic-breccia,VCBR,673,783,MAIN,SINGLE,IGNEOUS ROCK AND IGNEOUS SEDIMENT,+~FIS,FRAGMENTAL IGNEOUS ROCK AND FRAGMENTAL IGNEOUS SEDIMENT,,,,,,,,,,,,,,,,,,,,,,,,
DIC_ROCK_MERGIN,IGNEOUS-VOLCANIC ROCK,VOLCANICLASTIC-SANDSTONE,"Volcaniclastic-sandstone - A type of volcaniclastic-sedimentary-rock. British Geological Survey Research Report RR/99/06, section 4.2 and fig. 4. See also: sandstone.",Volcaniclastic-sandstone,VCSST,2055,2154,MAIN,SINGLE,IGNEOUS ROCK AND IGNEOUS SEDIMENT,+~FIS,FRAGMENTAL IGNEOUS ROCK AND FRAGMENTAL IGNEOUS SEDIMENT,,,,,,,,,,,,,,,,,,,,,,,,
DIC_ROCK_MERGIN,METAMORPHIC ROCK,AMPHIBOLITE,"Amphibolite - A type of metamorphic rock with unknown protolith based on modal composition. In the Rock Classification Scheme, it is one composed largely of hornblende and plagioclase. This mineralogy reflects amphibolite facies conditions. Note that para-amphibolite indicates a rock that is thought to have a sedimentary protolith, and ortho-amphibolite indicates a rock that is thought to have an igneous protolith. British Geological Survey Research Report RR/99/02, section 6.2.",Amphibolite,AMPHB,4169,4235,MAIN,SINGLE,METAMORPHIC ROCKS AND METASEDIMENTS,UPRO,METAMORPHIC ROCKS WITH UNKNOWN PROTOLITH,,,,,,,,,,,,,,,,,,,,,,,,
DIC_ROCK_MERGIN,METAMORPHIC ROCK,CALCSILICATE-ROCK,"Calcsilicate-rock - A type of metasedimentary rock composed largely of calcsilicate and/or carbonate minerals. In the Rock Classification Scheme, it is one in which the modal calcsilicate mineral content exceeds the modal abundance of carbonate minerals. British Geological Survey Research Report RR/99/02, section 3.2 and fig. 7.",Calcsilicate-rock,CALSIR,291,407,MAIN,SINGLE,METAMORPHIC ROCKS AND METASEDIMENTS,+#*SSR,METASEDIMENT AND METASEDIMENTARY ROCK,,,,,,,,,,,,,,,,,,,,,,,,
DIC_ROCK_MERGIN,METAMORPHIC ROCK,GNEISS,"Gneiss - A type of metamorphic rock with unknown protolith based on textural attributes. In the Rock Classification Scheme, it is defined as a medium- to coarse-grained inhomogeneous rock, commonly with a well-developed preferred orientation of constituent minerals, and characterised by a coarse foliation or layering that is more widely spaced, irregular or discontinuous than that in a schist. Adjacent layers generally exhibit contrasting texture, grain size, and mineralogy. However, there is a continuum between schists and gneisses, with factors such as the spacing of the foliation and the degree of contrast between adjacent layers contributing to the assignment of a rock to either category. Gneiss is distinguished from schist where some layers are over 5 mm thick. Gneisses generally occur in areas of middle to upper amphibolite or granulite facies metamorphism and can encompass a wide range of lithologies. Note that orthogneiss indicates a rock that is thought to have an igneous protolith, and paragneiss indicates a rock that is thought to have a sedimentary protolith. British Geological Survey Research Report RR/99/02, sections 3.3, 6.1 and fig. 1.",Gneiss,GNSS,1715,1768,MAIN,SINGLE,METAMORPHIC ROCKS AND METASEDIMENTS,UPRO,METAMORPHIC ROCKS WITH UNKNOWN PROTOLITH,,,,,,,,,,,,,,,,,,,,,,,,
DIC_ROCK_MERGIN,METAMORPHIC ROCK,HORNFELS,"Hornfels - A type of contact metamorphic rock. Hornfels is a variant of granofels. The term is applied to a hard fine- to medium-grained rock of unknown protolith and modal composition which lacks parting planes and has recrystallised as a result of contact metamorphism. British Geological Survey Research Report RR/99/02, section 6.1.",Hornfels,HNFELS,93,125,MAIN,SINGLE,METAMORPHIC ROCKS AND METASEDIMENTS,MRC,CONTACT METAMORPHIC ROCK,,,,,,,,,,,,,,,,,,,,,,,,
DIC_ROCK_MERGIN,METAMORPHIC ROCK,MARBLE,"Marble - A type of metamorphic rock with unknown protolith based on modal composition. In the Rock Classification Scheme, it is one composed largely of calcsilicate and/or carbonate minerals, but where the relative proportions of either mineral group are unknown. British Geological Survey Research Report RR/99/02, section 6.2.",Marble,MARBLE,70,91,MAIN,SINGLE,METAMORPHIC ROCKS AND METASEDIMENTS,UPRO,METAMORPHIC ROCKS WITH UNKNOWN PROTOLITH,,,,,,,,,,,,,,,,,,,,,,,,
DIC_ROCK_MERGIN,METAMORPHIC ROCK,METABASALT,Metabasalt,Metabasalt,MBA,1768,1778,MAIN,SINGLE,METAMORPHIC ROCKS AND METASEDIMENTS,MIR,METACRYSTALLINE-IGNEOUS ROCK,,,,,,,,,,,,,,,,,,,,,,,,
DIC_ROCK_MERGIN,METAMORPHIC ROCK,METABASALTIC-ROCK,Metabasaltic-rock,Metabasaltic-rock,MBAR,812,821,MAIN,SINGLE,METAMORPHIC ROCKS AND METASEDIMENTS,MIR,METACRYSTALLINE-IGNEOUS ROCK,,,,,,,,,,,,,,,,,,,,,,,,
DIC_ROCK_MERGIN,METAMORPHIC ROCK,METACARBONATE-ROCK,"Metacarbonate-rock - A type of metasedimentary rock composed largely of calcsilicate and/or carbonate minerals. In the Rock Classification Scheme, it is one in which the modal carbonate mineral content exceeds the modal abundance of calcsilicate minerals. British Geological Survey Research Report RR/99/02, section 3.2 and fig. 7.",Metacarbonate-rock,MCABR,109,121,MAIN,SINGLE,METAMORPHIC ROCKS AND METASEDIMENTS,+#*SSR,METASEDIMENT AND METASEDIMENTARY ROCK,,,,,,,,,,,,,,,,,,,,,,,,
DIC_ROCK_MERGIN,METAMORPHIC ROCK,METACONGLOMERATE,Metaconglomerate,Metaconglomerate,MCONG,360,378,MAIN,SINGLE,METAMORPHIC ROCKS AND METASEDIMENTS,+#*SSR,METASEDIMENT AND METASEDIMENTARY ROCK,,,,,,,,,,,,,,,,,,,,,,,,
DIC_ROCK_MERGIN,METAMORPHIC ROCK,METAGABBRO,Metagabbro,Metagabbro,MGB,335,359,MAIN,SINGLE,METAMORPHIC ROCKS AND METASEDIMENTS,MIR,METACRYSTALLINE-IGNEOUS ROCK,,,,,,,,,,,,,,,,,,,,,,,,
DIC_ROCK_MERGIN,METAMORPHIC ROCK,METAGRANITE,Metagranite,Metagranite,MGN,2,5,MAIN,SINGLE,METAMORPHIC ROCKS AND METASEDIMENTS,MIR,METACRYSTALLINE-IGNEOUS ROCK,,,,,,,,,,,,,,,,,,,,,,,,
DIC_ROCK_MERGIN,METAMORPHIC ROCK,METAGRANODIORITE,Metagranodiorite,Metagranodiorite,MGD,14,45,MAIN,SINGLE,METAMORPHIC ROCKS AND METASEDIMENTS,MIR,METACRYSTALLINE-IGNEOUS ROCK,,,,,,,,,,,,,,,,,,,,,,,,
DIC_ROCK_MERGIN,METAMORPHIC ROCK,META-IGNEOUS ROCK,Meta-igneous rock,Meta-igneous rock,MIGRU,0,0,MAIN,SINGLE,METAMORPHIC ROCKS AND METASEDIMENTS,MIR,METACRYSTALLINE-IGNEOUS ROCK,,,,,,,,,,,,,,,,,,,,,,,,
DIC_ROCK_MERGIN,METAMORPHIC ROCK,METALIMESTONE,Metalimestone,Metalimestone,MLMST,3396,3523,MAIN,SINGLE,METAMORPHIC ROCKS AND METASEDIMENTS,+#*SSR,METASEDIMENT AND METASEDIMENTARY ROCK,,,,,,,,,,,,,,,,,,,,,,,,
DIC_ROCK_MERGIN,METAMORPHIC ROCK,METAMAFIC-ROCK,"Metamafic-rock - A class within meta-igneous rock based on modal composition. In the Rock Classification Scheme, these are coarse-grained meta-igneous rocks containing 35 - 90% mafic minerals. British Geological Survey Research Report RR/99/02, section 5.2 and figs. 1, 8 and 9.",Metamafic-rock,MMR,572,573,MAIN,SINGLE,METAMORPHIC ROCKS AND METASEDIMENTS,+#~MOD,METAMORPHIC ROCKS WITH IGNEOUS PROTOLITH BASED ON MODAL COMPOSITION,,,,,,,,,,,,,,,,,,,,,,,,
DIC_ROCK_MERGIN,METAMORPHIC ROCK,METAMUDSTONE,Metamudstone,Metamudstone,MMST,394,418,MAIN,SINGLE,METAMORPHIC ROCKS AND METASEDIMENTS,+#*SSR,METASEDIMENT AND METASEDIMENTARY ROCK,,,,,,,,,,,,,,,,,,,,,,,,
DIC_ROCK_MERGIN,METAMORPHIC ROCK,METARHYOLITE,Metarhyolite,Metarhyolite,MRY,0,0,MAIN,SINGLE,METAMORPHIC ROCKS AND METASEDIMENTS,MIR,METACRYSTALLINE-IGNEOUS ROCK,,,,,,,,,,,,,,,,,,,,,,,,
DIC_ROCK_MERGIN,METAMORPHIC ROCK,METASANDSTONE,Metasandstone,Metasandstone,MSDST,523,569,MAIN,SINGLE,METAMORPHIC ROCKS AND METASEDIMENTS,+#*SSR,METASEDIMENT AND METASEDIMENTARY ROCK,,,,,,,,,,,,,,,,,,,,,,,,
DIC_ROCK_MERGIN,METAMORPHIC ROCK,METATONALITE,Metatonalite,Metatonalite,MTO,35,38,MAIN,SINGLE,METAMORPHIC ROCKS AND METASEDIMENTS,MIR,METACRYSTALLINE-IGNEOUS ROCK,,,,,,,,,,,,,,,,,,,,,,,,
DIC_ROCK_MERGIN,METAMORPHIC ROCK,METAULTRAMAFIC-ROCK,"Meta-ultramafic-rock - A class within meta-igneous rock based on modal composition. In the Rock Classification Scheme, these are meta-igneous rocks containing 90% or more mafic minerals. British Geological Survey Research Report RR/99/02, section 5.2 and figs. 1 and 8.",Meta-ultramafic-rock,MULMR,16,16,MAIN,SINGLE,METAMORPHIC ROCKS AND METASEDIMENTS,MIR,METACRYSTALLINE-IGNEOUS ROCK,,,,,,,,,,,,,,,,,,,,,,,,
DIC_ROCK_MERGIN,METAMORPHIC ROCK,METAVOLCANICLASTIC SEDIMENTARY ROCK,Metavolcaniclastic-sedimentary-rock,Metavolcaniclastic-sedimentary-rock,MVCSR,559,560,MAIN,SINGLE,METAMORPHIC ROCKS AND METASEDIMENTS,MIR,METACRYSTALLINE-IGNEOUS ROCK,,,,,,,,,,,,,,,,,,,,,,,,
DIC_ROCK_MERGIN,METAMORPHIC ROCK,ORTHO-AMPHIBOLITE,"Ortho-amphibolite - A type of metamafic-rock. In the Rock Classification Scheme, it is one composed largely of hornblende and feldspar. This mineralogy reflects amphibolite facies conditions. Note the ortho- prefix indicates a rock that is thought to have an igneous protolith, in contrast with para-amphibolite which has a sedimentary protolith, and amphibolite where the nature of the protolith is not defined. British Geological Survey Research Report RR/99/02, section 5.2.",Ortho-amphibolite,OAMPHB,4081,4087,MAIN,SINGLE,METAMORPHIC ROCKS AND METASEDIMENTS,+#~MOD,METAMORPHIC ROCKS WITH IGNEOUS PROTOLITH BASED ON MODAL COMPOSITION,,,,,,,,,,,,,,,,,,,,,,,,
DIC_ROCK_MERGIN,METAMORPHIC ROCK,ORTHOGNEISS,"Orthogneiss - A type of meta-igneous rock based on textural attributes. In the Rock Classification Scheme, it is defined as a medium- to coarse-grained inhomogeneous rock, commonly with a well-developed preferred orientation of constituent minerals, and characterised by a coarse foliation or layering that is more widely spaced, irregular or discontinuous than that in a schist. Adjacent layers generally exhibit contrasting texture, grain size, and mineralogy. However, there is a continuum between schists and gneisses, with factors such as the spacing of the foliation and the degree of contrast between adjacent layers contributing to the assignment of a rock to either category. Gneiss is distinguished from schist where some layers are over 5 mm thick. Gneisses generally occur in areas of middle to upper amphibolite or granulite facies metamorphism and can encompass a wide range of lithologies. Note the ortho- prefix indicates a rock that is thought to have an igneous protolith, in contrast with paragneiss which has a sedimentary protolith, and gneiss where the nature of the protolith is not defined. British Geological Survey Research Report RR/99/02, sections 3.3, 5.3 and fig. 1.",Orthogneiss,OGNSS,4815,4820,MAIN,SINGLE,METAMORPHIC ROCKS AND METASEDIMENTS,+#~TEX,METAMORPHIC ROCKS WITH IGNEOUS PROTOLITH BASED ON TEXTURAL ATTRIBUTES,,,,,,,,,,,,,,,,,,,,,,,,
DIC_ROCK_MERGIN,METAMORPHIC ROCK,"ORTHOGNEISS, FELSIC","Orthogneiss, felsic",Felsic orthogneiss,OGNSF,434,440,MAIN,SINGLE,METAMORPHIC ROCKS AND METASEDIMENTS,+#~TEX,METAMORPHIC ROCKS WITH IGNEOUS PROTOLITH BASED ON TEXTURAL ATTRIBUTES,,,,,,,,,,,,,,,,,,,,,,,,
DIC_ROCK_MERGIN,METAMORPHIC ROCK,"ORTHOGNEISS, MAFIC","Orthogneiss, mafic",Mafic orthogneiss,OGNSM,380,386,MAIN,SINGLE,METAMORPHIC ROCKS AND METASEDIMENTS,+#~TEX,METAMORPHIC ROCKS WITH IGNEOUS PROTOLITH BASED ON TEXTURAL ATTRIBUTES,,,,,,,,,,,,,,,,,,,,,,,,
DIC_ROCK_MERGIN,METAMORPHIC ROCK,PELITE,"Pelite - A type of metasedimentary rock composed largely of quartz, feldspar and mica. In the Rock Classification Scheme, it is one with mica component >40%, and quartz + feldspar <60% of quartz + feldspar + mica. The mica component includes all minerals other than quartz and feldspar, with the exception of calcsilicate and carbonate minerals. British Geological Survey Research Report RR/99/02, section 3.2, table 1 and fig. 5.",Pelite,PEL,1922,2179,MAIN,SINGLE,METAMORPHIC ROCKS AND METASEDIMENTS,+#*SSR,METASEDIMENT AND METASEDIMENTARY ROCK,,,,,,,,,,,,,,,,,,,,,,,,
DIC_ROCK_MERGIN,METAMORPHIC ROCK,PELITE AND SEMIPELITE,Pelite and semipelite,Pelite and semipelite,PESP,835,835,CPST,COMPOSITE,METAMORPHIC ROCKS AND METASEDIMENTS,+#*SSR,METASEDIMENT AND METASEDIMENTARY ROCK,,,,,,,,,,,,,,,,,,,,,,,,
DIC_ROCK_MERGIN,METAMORPHIC ROCK,"PELITE, GRAPHITIC","Pelite, graphitic",Graphitic pelite,PELGP,1663,1714,MAIN,SINGLE,METAMORPHIC ROCKS AND METASEDIMENTS,+#*SSR,METASEDIMENT AND METASEDIMENTARY ROCK,,,,,,,,,,,,,,,,,,,,,,,,
DIC_ROCK_MERGIN,METAMORPHIC ROCK,PSAMMITE,"Psammite - A type of metasedimentary rock composed largely of quartz, feldspar and mica. In the Rock Classification Scheme, it is one with mica component <20%, and quartz + feldspar 80 - 100% of quartz + feldspar + mica. The mica component includes all minerals other than quartz and feldspar, with the exception of calcsilicate and carbonate minerals. British Geological Survey Research Report RR/99/02, section 3.2, table 1 and fig. 5.",Psammite,PSAMM,3403,4229,MAIN,SINGLE,METAMORPHIC ROCKS AND METASEDIMENTS,+#*SSR,METASEDIMENT AND METASEDIMENTARY ROCK,,,,,,,,,,,,,,,,,,,,,,,,
DIC_ROCK_MERGIN,METAMORPHIC ROCK,PSAMMITE AND SEMIPELITE,Psammite and semipelite,Psammite and semipelite,PSSP,1450,1450,CPST,COMPOSITE,METAMORPHIC ROCKS AND METASEDIMENTS,+#*SSR,METASEDIMENT AND METASEDIMENTARY ROCK,,,,,,,,,,,,,,,,,,,,,,,,
DIC_ROCK_MERGIN,METAMORPHIC ROCK,"PSAMMITE, MICACEOUS","Psammite, micaceous",Micaceous psammite,PSAMI,733,801,MAIN,SINGLE,METAMORPHIC ROCKS AND METASEDIMENTS,+#*SSR,METASEDIMENT AND METASEDIMENTARY ROCK,,,,,,,,,,,,,,,,,,,,,,,,
DIC_ROCK_MERGIN,METAMORPHIC ROCK,QUARTZITE,"Quartzite - A type of metasedimentary rock composed largely of quartz, feldspar and mica. In the Rock Classification Scheme, quartzite is a psammite containing more than 80% quartz. British Geological Survey Research Report RR/99/02, section 3.2 and fig. 5.",Quartzite,QZITE,4143,4498,MAIN,SINGLE,METAMORPHIC ROCKS AND METASEDIMENTS,+#*SSR,METASEDIMENT AND METASEDIMENTARY ROCK,,,,,,,,,,,,,,,,,,,,,,,,
DIC_ROCK_MERGIN,METAMORPHIC ROCK,"SCHIST, HORNBLENDE","Schist, hornblende",Hornblende schist,HBSCH,1228,1256,MAIN,SINGLE,METAMORPHIC ROCKS AND METASEDIMENTS,UPRO,METAMORPHIC ROCKS WITH UNKNOWN PROTOLITH,,,,,,,,,,,,,,,,,,,,,,,,
DIC_ROCK_MERGIN,METAMORPHIC ROCK,SEMIPELITE,"Semipelite - A type of metasedimentary rock composed largely of quartz, feldspar and mica. In the Rock Classification Scheme, it is one with mica component 20 - 40%, and quartz + feldspar 60 - 80% of quartz + feldspar + mica. The mica component includes all minerals other than quartz and feldspar, with the exception of calcsilicate and carbonate minerals. British Geological Survey Research Report RR/99/02, section 3.2, table 1 and fig. 5.",Semipelite,SEMPEL,2218,2544,MAIN,SINGLE,METAMORPHIC ROCKS AND METASEDIMENTS,+#*SSR,METASEDIMENT AND METASEDIMENTARY ROCK,,,,,,,,,,,,,,,,,,,,,,,,
DIC_ROCK_MERGIN,METAMORPHIC ROCK,SEMIPELITE AND PSAMMITE,Semipelite and psammite,Semipelite and psammite,SPPS,700,700,CPST,COMPOSITE,METAMORPHIC ROCKS AND METASEDIMENTS,+#*SSR,METASEDIMENT AND METASEDIMENTARY ROCK,,,,,,,,,,,,,,,,,,,,,,,,
DIC_ROCK_MERGIN,METAMORPHIC ROCK,"SEMIPELITE, GNEISSOSE","Semipelite, gneissose",Gneissose semipelite,SPELGN,600,645,MAIN,SINGLE,METAMORPHIC ROCKS AND METASEDIMENTS,+#*SSR,METASEDIMENT AND METASEDIMENTARY ROCK,,,,,,,,,,,,,,,,,,,,,,,,
DIC_ROCK_MERGIN,METAMORPHIC ROCK,SLATE,"Slate - A type of metamorphic rock with unknown protolith based on textural attributes. In the Rock Classification Scheme, it is defined as a compact fine-grained rock with a strong fissility along planes in which the rock can be parted into thin plates indistinguishable from each other in terms of lithological characteristics. Slates are typically low-grade metamorphosed mudstones. However, some may be derived from volcaniclastic rocks. British Geological Survey Research Report RR/99/02, section 6.1 and fig. 1.",Slate,SLTE,1471,2359,MAIN,SINGLE,METAMORPHIC ROCKS AND METASEDIMENTS,UPRO,METAMORPHIC ROCKS WITH UNKNOWN PROTOLITH,,,,,,,,,,,,,,,,,,,,,,,,
DIC_ROCK_MERGIN,METAMORPHIC ROCK,SCHIST,"Schist - A type of metamorphic rock with unknown protolith based on textural attributes. In the Rock Classification Scheme, it is defined as a medium-grained strongly foliated rock that can be readily split into flakes or slabs due to the well-developed preferred orientation of the majority of the minerals present, particularly those of platy or prismatic habit. Schists occur characteristically in areas of medium-grade metamorphism and can encompass a wide range of lithologies. Note that orthoschist indicates a rock that is thought to have an igneous protolith, and paraschist indicates a rock that is thought to have a sedimentary protolith. British Geological Survey Research Report RR/99/02, sections 3.3, 6.1 and fig. 1.",Schist,SCH,284,675,MAIN,SINGLE,METAMORPHIC ROCKS AND METASEDIMENTS,UPRO,METAMORPHIC ROCKS WITH UNKNOWN PROTOLITH,,,,,,,,,,,,,,,,,,,,,,,,
DIC_ROCK_MERGIN,METAMORPHIC ROCK,"SCHIST, MICA","Schist, mica",Mica schist,SCHM,268,331,MAIN,SINGLE,METAMORPHIC ROCKS AND METASEDIMENTS,UPRO,METAMORPHIC ROCKS WITH UNKNOWN PROTOLITH,,,,,,,,,,,,,,,,,,,,,,,,
DIC_ROCK_MERGIN,METAMORPHIC ROCK,"SCHIST, GRAPHITIC","Schist, graphitic",Graphitic schist,SCHGR,13,17,MAIN,SINGLE,METAMORPHIC ROCKS AND METASEDIMENTS,UPRO,METAMORPHIC ROCKS WITH UNKNOWN PROTOLITH,,,,,,,,,,,,,,,,,,,,,,,,
DIC_ROCK_MERGIN,SEDIMENTARY ROCK,ANHYDRITE-STONE,"Anhydrite-stone - A type of non-carbonate salt that is composed of particles of the sulphate mineral anhydrite. British Geological Survey Research Report RR/99/03, section 7.1 and fig. 11.",Anhydrite-stone,ANHY,10,780,MAIN,SINGLE,SEDIMENT AND SEDIMENTARY ROCK,+*SNCS,SEDIMENTARY ROCKS AND SEDIMENTS COMPOSED OF NON-CARBONATE SALTS,,,,,,,,,,,,,,,,,,,,,,,,
DIC_ROCK_MERGIN,SEDIMENTARY ROCK,BRECCIA,"Breccia - A type of silicate-conglomerate. In the Rock Classification Scheme, this term may be used for conglomerates made of sharply angular clasts. British Geological Survey Research Report RR/99/03, section 2.1 and fig. 2. Synonym: angular silicate-conglomerate.",Breccia,BREC,981,2160,MAIN,SINGLE,SEDIMENT AND SEDIMENTARY ROCK,+*SSSR,SILICICLASTIC SEDIMENTS AND SEDIMENTARY ROCKS,,,,,,,,,,,,,,,,,,,,,,,,
DIC_ROCK_MERGIN,SEDIMENTARY ROCK,CHALK,"Chalk - A friable and porous limestone. British Geological Survey Research Report RR/99/03, section 3.1 and fig. 6.",Chalk,CHLK,9924,62359,MAIN,SINGLE,SEDIMENT AND SEDIMENTARY ROCK,+*CSSR,CARBONATE SEDIMENTS AND CARBONATE SEDIMENTARY ROCKS,,,,,,,,,,,,,,,,,,,,,,,,
DIC_ROCK_MERGIN,SEDIMENTARY ROCK,CHERT,"Chert - A type of siliceous rock. It usually has a porosity of less than 10%. Chert is dense, very hard, and has a vitreous lustre. It can be further classified as opaline-chert and quartzose-chert according to the type of silica. It may not be possible to accurately use this classification without X-ray analysis. In addition, the root names jasper, flint, and agate are available to describe distinctive types. British Geological Survey Research Report RR/99/03, section 8.2 and fig. 12.",Chert,CHRT,1488,1690,MAIN,SINGLE,SEDIMENT AND SEDIMENTARY ROCK,+*NCSS,NON-CLASTIC SILICEOUS SEDIMENTS AND NON-CLASTIC SILICEOUS SEDIMENTARY ROCKS,,,,,,,,,,,,,,,,,,,,,,,,
DIC_ROCK_MERGIN,SEDIMENTARY ROCK,COAL,"Coal - A type of sedimentary-rock rich in organic matter. British Geological Survey Research Report RR/99/03, section 6.",Coal,COAL,158,200061,MAIN,SINGLE,SEDIMENT AND SEDIMENTARY ROCK,+*SSRO,SEDIMENTS AND SEDIMENTARY ROCKS RICH IN ORGANIC MATTER,,,,,,,,,,,,,,,,,,,,,,,,
DIC_ROCK_MERGIN,SEDIMENTARY ROCK,COAL AND MUDSTONE,Coal and mudstone,Coal and mudstone,COALM,0,522,CPST,COMPOSITE,SEDIMENT AND SEDIMENTARY ROCK,SR,SEDIMENTARY ROCK,,,,,,,,,,,,,,,,,,,,,,,,
DIC_ROCK_MERGIN,SEDIMENTARY ROCK,CONGLOMERATE,Conglomerate - A rudaceous sedimentary rock based on grain size or crystal size. See: silicate-conglomerate.,Conglomerate,CONG,6601,9434,MAIN,SINGLE,SEDIMENT AND SEDIMENTARY ROCK,SR,SEDIMENTARY ROCK,,,,,,,,,,,,,,,,,,,,,,,,
DIC_ROCK_MERGIN,SEDIMENTARY ROCK,"CONGLOMERATE AND [SUBEQUAL/SUBORDINATE] SANDSTONE, INTERBEDDED","Conglomerate and [subequal/subordinate] sandstone, interbedded","Conglomerate and [subequal/subordinate] sandstone, interbedded",COSD,1017,1029,CPST,COMPOSITE,SEDIMENT AND SEDIMENTARY ROCK,SR,SEDIMENTARY ROCK,,,,,,,,,,,,,,,,,,,,,,,,
DIC_ROCK_MERGIN,SEDIMENTARY ROCK,DOLOSTONE,"Dolostone - In the Rock Classification Scheme, sedimentary rocks which are composed dominantly of dolomite or ankerite are given this group name. The textural classification of dolostones follows that for limestone. The classification of dolostones composed dominantly of one constituent similarly follows that for limestone. British Geological Survey Research Report RR/99/03, section 3.2 and fig. 7.",Dolostone,DOLO,2373,3698,MAIN,SINGLE,SEDIMENT AND SEDIMENTARY ROCK,+*CSSR,CARBONATE SEDIMENTS AND CARBONATE SEDIMENTARY ROCKS,,,,,,,,,,,,,,,,,,,,,,,,
DIC_ROCK_MERGIN,SEDIMENTARY ROCK,DOLOSTONE AND LIMESTONE,Dolostone and limestone,Dolostone and limestone,DOLS,42,45,CPST,COMPOSITE,SEDIMENT AND SEDIMENTARY ROCK,+*CSSR,CARBONATE SEDIMENTS AND CARBONATE SEDIMENTARY ROCKS,,,,,,,,,,,,,,,,,,,,,,,,
DIC_ROCK_MERGIN,SEDIMENTARY ROCK,DURICRUST,"Duricrust - A type of residual deposit. It is a general term for a hard crust on the surface of, or layer in, the upper horizons of a soil in a semiarid climate. It is an indurated product of surface and near-surface processes formed by cementation or replacement of bedrock, weathering deposits, unconsolidated sediments, soil or other materials produced by low-temperature physiochemical processes. British Geological Survey Research Report RR/99/03, section 13.6; RR/99/04, appendix 2.",Duricrust,DURI,0,1,MAIN,SINGLE,NATURAL SUPERFICIAL DEPOSIT,RESDP,RESIDUAL DEPOSITS,,,,,,,,,,,,,,,,,,,,,,,,
DIC_ROCK_MERGIN,SEDIMENTARY ROCK,FERRICRETE (IRON LATERITE/IRON PAN),"Ferricrete - A type of duricrust. It is a conglomerate consisting of surficial sand and gravel cemented into a hard mass by iron oxide derived from the oxidation of percolating solutions of iron salts. British Geological Survey Research Report RR/99/03, section 13.6; RR/99/04, appendix 2. Synonyms: iron laterite, iron pan.",Ferricrete,FECRTE,0,5,MAIN,SINGLE,SEDIMENT AND SEDIMENTARY ROCK,+*MHSS,"MISC-HYDROXIDE, OXIDE AND SILICATE SEDIMENTS AND MISC-HYDROXIDE, OXIDE AND SILICATE SEDIMENTARY ROCKS",,,,,,,,,,,,,,,,,,,,,,,,
DIC_ROCK_MERGIN,SEDIMENTARY ROCK,GYPSUM,Gypsum,Gypsum,GYPS,5,753,MAIN,SINGLE,SEDIMENT AND SEDIMENTARY ROCK,+*SNCS,SEDIMENTARY ROCKS AND SEDIMENTS COMPOSED OF NON-CARBONATE SALTS,,,,,,,,,,,,,,,,,,,,,,,,
DIC_ROCK_MERGIN,SEDIMENTARY ROCK,HALITE-STONE,"Halite-stone - A type of non-carbonate salt that is composed of particles of the chloride mineral halite. British Geological Survey Research Report RR/99/03, section 7.1 and fig. 11.",Halite-stone,HALIST,0,112,MAIN,SINGLE,SEDIMENT AND SEDIMENTARY ROCK,+*SNCS,SEDIMENTARY ROCKS AND SEDIMENTS COMPOSED OF NON-CARBONATE SALTS,,,,,,,,,,,,,,,,,,,,,,,,
DIC_ROCK_MERGIN,SEDIMENTARY ROCK,IRONSTONE,"Ironstone - In the Rock Classification Scheme, all lithified iron-rich sedimentary rocks are given this group name. This is the lithified equivalent of iron-sediment. The textural classification of ironstones follows that for limestone. The classification of ironstones composed dominantly of one constituent similarly follows that for limestone. British Geological Survey Research Report RR/99/03, section 5.2 and fig. 9.",Ironstone,FEST,192,27391,MAIN,SINGLE,SEDIMENT AND SEDIMENTARY ROCK,+*ISSR,IRON-SEDIMENTS AND IRONSTONES,,,,,,,FEST,IRONSTONE,,,,,,,,,,,,,,,1800,COMMON
DIC_ROCK_MERGIN,SEDIMENTARY ROCK,"IRONSTONE, OOIDAL","Ooid-ironstone - A type of ironstone composed dominantly of ooids. British Geological Survey Research Report RR/99/03, section 5.2, table 15 and fig. 9. Synonyms: ooidal ironstone; ironstone, ooidal.",Ooid-ironstone,FEOOL,937,960,MAIN,SINGLE,SEDIMENT AND SEDIMENTARY ROCK,+*ISSR,IRON-SEDIMENTS AND IRONSTONES,,,,,,,,,,,,,,,,,,,,,,,,
DIC_ROCK_MERGIN,SEDIMENTARY ROCK,LIMESTONE,"Limestone - In the Rock Classification Scheme, these are carbonate sedimentary rocks in which the dominant carbonate mineral is calcium carbonate in the form of calcite, aragonite and/or vaterite (vaterite is a metastable hexagonal form of calcium carbonate. It is exceptionally rare and it is unlikely that it would ever occur as the main mineral). Two classification schemes are available to give root names to limestones: the first scheme is based on texture; the second scheme is designed to classify limestones composed dominantly of one constituent. Textural classification includes use of depositional (i.e. matrix-supported versus grain-supported), biogenic, and diagenetic textures. British Geological Survey Research Report RR/99/03, section 3.1 and fig. 6.",Limestone,LMST,13285,55478,MAIN,SINGLE,SEDIMENT AND SEDIMENTARY ROCK,+*CSSR,CARBONATE SEDIMENTS AND CARBONATE SEDIMENTARY ROCKS,,,,,,,,,,,,,,,,,,,,,,,,
DIC_ROCK_MERGIN,SEDIMENTARY ROCK,"LIMESTONE AND [SUBEQUAL/SUBORDINATE] SANDSTONE, INTERBEDDED","Limestone and [subequal/subordinate] sandstone, interbedded",Interbedded limestone and [subequal/subordinate] sandstone,LMSA,721,746,CPST,COMPOSITE,SEDIMENT AND SEDIMENTARY ROCK,+*CSSR,CARBONATE SEDIMENTS AND CARBONATE SEDIMENTARY ROCKS,,,,,,,,,,,,,,,,,,,,,,,,
DIC_ROCK_MERGIN,SEDIMENTARY ROCK,"LIMESTONE AND MUDSTONE, INTERBEDDED","Limestone and mudstone, interbedded",Interbedded limestone and mudstone,LSMD,2965,3303,CPST,COMPOSITE,SEDIMENT AND SEDIMENTARY ROCK,SR,SEDIMENTARY ROCK,,,,,,,,,,,,,,,,,,,,,,,,
DIC_ROCK_MERGIN,SEDIMENTARY ROCK,"LIMESTONE, DOLOMITIC","Limestone, dolomitic",Dolomitic limestone,DOLMST,929,2780,MAIN,SINGLE,SEDIMENT AND SEDIMENTARY ROCK,+*CSSR,CARBONATE SEDIMENTS AND CARBONATE SEDIMENTARY ROCKS,,,,,,,,,,,,,,,,,,,,,,,,
DIC_ROCK_MERGIN,SEDIMENTARY ROCK,"LIMESTONE, FERRUGINOUS","Limestone, ferruginous",Ferruginous limestone,FLMST,497,551,MAIN,SINGLE,SEDIMENT AND SEDIMENTARY ROCK,+*CSSR,CARBONATE SEDIMENTS AND CARBONATE SEDIMENTARY ROCKS,,,,,,,,,,,,,,,,,,,,,,,,
DIC_ROCK_MERGIN,SEDIMENTARY ROCK,"LIMESTONE, OOIDAL","Ooid-limestone - A type of limestone composed dominantly of ooids. British Geological Survey Research Report RR/99/03, section 3.1, table 4 and fig. 6. Synonyms: ooidal limestone; limestone, ooidal.",Ooid-limestone,LMOOL,5401,6013,MAIN,SINGLE,SEDIMENT AND SEDIMENTARY ROCK,+*CSSR,CARBONATE SEDIMENTS AND CARBONATE SEDIMENTARY ROCKS,,,,,,,,,,,,,,,,,,,,,,,,
DIC_ROCK_MERGIN,SEDIMENTARY ROCK,"LIMESTONE, SANDSTONE, SILTSTONE AND MUDSTONE","Limestone, sandstone, siltstone and mudstone","Limestone, sandstone, siltstone and mudstone",LSSM,5423,5472,CPST,COMPOSITE,SEDIMENT AND SEDIMENTARY ROCK,SR,SEDIMENTARY ROCK,,,,,,,,,,,,,,,,,,,,,,,,
DIC_ROCK_MERGIN,SEDIMENTARY ROCK,MUDSTONE,"Mudstone - An argillaceous sedimentary rock based on grain size or crystal size. British Geological Survey Research Report RR/99/03, fig. 13. See: silicate-mudstone.",Mudstone,MDST,18162,290582,MAIN,SINGLE,SEDIMENT AND SEDIMENTARY ROCK,SR,SEDIMENTARY ROCK,,,,,,,,,,,,,,,,,,,,,,,,
DIC_ROCK_MERGIN,SEDIMENTARY ROCK,"MUDSTONE AND LIMESTONE, INTERBEDDED","Mudstone and limestone, interbedded","Mudstone and limestone, interbedded",MDLM,4491,5307,CPST,COMPOSITE,SEDIMENT AND SEDIMENTARY ROCK,SR,SEDIMENTARY ROCK,,,,,,,,,,,,,,,,,,,,,,,,
DIC_ROCK_MERGIN,SEDIMENTARY ROCK,MUDSTONE AND SANDSTONE,Mudstone and sandstone,Mudstone and sandstone,MDSD,1694,3587,CPST,COMPOSITE,SEDIMENT AND SEDIMENTARY ROCK,SR,SEDIMENTARY ROCK,,,,,,,,,,,,,,,,,,,,,,,,
DIC_ROCK_MERGIN,SEDIMENTARY ROCK,MUDSTONE AND SILTSTONE,Mudstone and siltstone,Mudstone and siltstone,MDSI,19044,27669,CPST,COMPOSITE,SEDIMENT AND SEDIMENTARY ROCK,SR,SEDIMENTARY ROCK,,,,,,,,,,,,,,,,,,,,,,,,
DIC_ROCK_MERGIN,SEDIMENTARY ROCK,"MUDSTONE, CALCAREOUS","Mudstone, calcareous",Calcareous mudstone,CAMDST,2595,17157,MAIN,SINGLE,SEDIMENT AND SEDIMENTARY ROCK,SR,SEDIMENTARY ROCK,,,,,,,,,,,,,,,,,,,,,,,,
DIC_ROCK_MERGIN,SEDIMENTARY ROCK,"MUDSTONE, SANDSTONE AND CONGLOMERATE","Mudstone, sandstone and conglomerate","Mudstone, sandstone and conglomerate",MDSC,956,964,CPST,COMPOSITE,SEDIMENT AND SEDIMENTARY ROCK,SR,SEDIMENTARY ROCK,,,,,,,,,,,,,,,,,,,,,,,,
DIC_ROCK_MERGIN,SEDIMENTARY ROCK,"MUDSTONE, SANDSTONE AND LIMESTONE","Mudstone, sandstone and limestone","Mudstone, sandstone and limestone",MDSL,2966,3536,CPST,COMPOSITE,SEDIMENT AND SEDIMENTARY ROCK,SR,SEDIMENTARY ROCK,,,,,,,,,,,,,,,,,,,,,,,,
DIC_ROCK_MERGIN,SEDIMENTARY ROCK,"MUDSTONE, SANDY","Mudstone, sandy",Sandy mudstone,SAMDST,674,2962,MAIN,SINGLE,SEDIMENT AND SEDIMENTARY ROCK,SR,SEDIMENTARY ROCK,,,,,,,,,,,,,,,,,,,,,,,,
DIC_ROCK_MERGIN,SEDIMENTARY ROCK,"MUDSTONE, SILTSTONE AND SANDSTONE","Mudstone, siltstone and sandstone","Mudstone, siltstone and sandstone",MDSS,58648,59921,CPST,COMPOSITE,SEDIMENT AND SEDIMENTARY ROCK,SR,SEDIMENTARY ROCK,,,,,,,,,,,,,,,,,,,,,,,,
DIC_ROCK_MERGIN,SEDIMENTARY ROCK,OILSHALE,Oilshale,Oilshale,OILS,0,4791,MAIN,SINGLE,SEDIMENT AND SEDIMENTARY ROCK,+*SSRO,SEDIMENTS AND SEDIMENTARY ROCKS RICH IN ORGANIC MATTER,,,,,,,,,,,,,,,,,,,,,,,,
DIC_ROCK_MERGIN,SEDIMENTARY ROCK,SANDSTONE,"Sandstone - An arenaceous sedimentary rock based on grain size or crystal size. British Geological Survey Research Report RR/99/03, fig. 13. See: silicate-sandstone.",Sandstone,SDST,108733,432853,MAIN,SINGLE,SEDIMENT AND SEDIMENTARY ROCK,SR,SEDIMENTARY ROCK,,,,,,,,,,,,,,,,,,,,,,,,
DIC_ROCK_MERGIN,SEDIMENTARY ROCK,"SANDSTONE AND CONGLOMERATE, INTERBEDDED","Sandstone and conglomerate, interbedded",Interbedded sandstone and conglomerate,SCON,2334,2541,CPST,COMPOSITE,SEDIMENT AND SEDIMENTARY ROCK,SR,SEDIMENTARY ROCK,,,,,,,,,,,,,,,,,,,,,,,,
DIC_ROCK_MERGIN,SEDIMENTARY ROCK,SANDSTONE AND MUDSTONE ,Sandstone and mudstone,Sandstone and mudstone,STMD,2978,4242,CPST,COMPOSITE,SEDIMENT AND SEDIMENTARY ROCK,SR,SEDIMENTARY ROCK,,,,,,,,,,,,,,,,,,,,,,,,
DIC_ROCK_MERGIN,SEDIMENTARY ROCK,"SANDSTONE AND SILTSTONE, INTERBEDDED","Sandstone and siltstone, interbedded","Sandstone and siltstone, interbedded",SDSL,3662,15538,CPST,COMPOSITE,SEDIMENT AND SEDIMENTARY ROCK,SR,SEDIMENTARY ROCK,,,,,,,,,,,,,,,,,,,,,,,,
DIC_ROCK_MERGIN,SEDIMENTARY ROCK,"SANDSTONE, CALCAREOUS","Sandstone, calcareous",Calcareous sandstone,CALSST,688,3229,MAIN,SINGLE,SEDIMENT AND SEDIMENTARY ROCK,SR,SEDIMENTARY ROCK,,,,,,,,,,,,,,,,,,,,,,,,
DIC_ROCK_MERGIN,SEDIMENTARY ROCK,"SANDSTONE, GLAUCONITIC","Sandstone, glauconitic",Glauconitic sandstone,GLSST,523,578,MAIN,SINGLE,SEDIMENT AND SEDIMENTARY ROCK,SR,SEDIMENTARY ROCK,,,,,,,,,,,,,,,,,,,,,,,,
DIC_ROCK_MERGIN,SEDIMENTARY ROCK,"SANDSTONE, LIMESTONE AND IRONSTONE","Sandstone, limestone and ironstone","Sandstone, limestone and ironstone",SDLI,1000,1018,CPST,COMPOSITE,SEDIMENT AND SEDIMENTARY ROCK,+*ISSR,IRON-SEDIMENTS AND IRONSTONES,,,,,,,,,,,,,,,,,,,,,,,,
DIC_ROCK_MERGIN,SEDIMENTARY ROCK,"SANDSTONE, MUDDY","Sandstone, muddy",Muddy sandstone,MDSST,497,941,MAIN,SINGLE,SEDIMENT AND SEDIMENTARY ROCK,SR,SEDIMENTARY ROCK,,,,,,,,,,,,,,,,,,,,,,,,
DIC_ROCK_MERGIN,SEDIMENTARY ROCK,"SANDSTONE, PEBBLY (GRAVELLY)","Sandstone, pebbly (gravelly)",Pebbly (gravelly) sandstone,PESST,2223,4159,MAIN,SINGLE,SEDIMENT AND SEDIMENTARY ROCK,SR,SEDIMENTARY ROCK,,,,,,,,,,,,,,,,,,,,,,,,
DIC_ROCK_MERGIN,SEDIMENTARY ROCK,"SANDSTONE, SILTSTONE AND MUDSTONE","Sandstone, siltstone and mudstone","Sandstone, siltstone and mudstone",SDSM,5322,5789,CPST,COMPOSITE,SEDIMENT AND SEDIMENTARY ROCK,SR,SEDIMENTARY ROCK,,,,,,,,,,,,,,,,,,,,,,,,
DIC_ROCK_MERGIN,SEDIMENTARY ROCK,"SANDSTONE, SILTY","Sandstone, silty",Silty sandstone,SLSST,447,22666,MAIN,SINGLE,SEDIMENT AND SEDIMENTARY ROCK,SR,SEDIMENTARY ROCK,,,,,,,,,,,,,,,,,,,,,,,,
DIC_ROCK_MERGIN,SEDIMENTARY ROCK,SEATEARTH,"Seat-earth - A term for a bed of rock underlying a coal seam. It represents the soil that supported the vegetation from which the coal was formed. A highly siliceous seat earth is known as a ganister. British Geological Survey Research Report RR/99/03, section 13.6.",Seat-earth,SEAT,0,18237,MAIN,SINGLE,SEDIMENT AND SEDIMENTARY ROCK,SR,SEDIMENTARY ROCK,,,,,,,,,,,,,,,,,,,,,,,,
DIC_ROCK_MERGIN,SEDIMENTARY ROCK,"SILICATE-CONGLOMERATE, CALCITE-CEMENTED (CALCRETE)","Calcrete - A type of duricrust. It is a conglomerate consisting of surficial sand and gravel cemented into a hard mass by calcium carbonate. British Geological Survey Research Report RR/99/03, section 13.6; RR/99/04, appendix 2. Synonym: caliche.",Calcrete,CLCRET,570,688,MAIN,SINGLE,SEDIMENT AND SEDIMENTARY ROCK,+*SSSR,SILICICLASTIC SEDIMENTS AND SEDIMENTARY ROCKS,,,,,,,,,,,,,,,,,,,,,,,,
DIC_ROCK_MERGIN,SEDIMENTARY ROCK,"SILICATE-CONGLOMERATE, SILICA-CEMENTED (SILCRETE)","Silcrete - A type of silicate-conglomerate, consisting of surficial sand and gravel cemented into a hard mass by silica. British Geological Survey Research Report RR/99/03, section 8.5.",Silcrete,SICRET,0,0,MAIN,SINGLE,SEDIMENT AND SEDIMENTARY ROCK,+*SSSR,SILICICLASTIC SEDIMENTS AND SEDIMENTARY ROCKS,,,,,,,,,,,,,,,,,,,,,,,,
DIC_ROCK_MERGIN,SEDIMENTARY ROCK,SILTSTONE,"Siltstone - A type of mudstone. British Geological Survey Research Report RR/99/03, fig. 13. See: silicate-siltstone.",Siltstone,SLST,3722,184724,MAIN,SINGLE,SEDIMENT AND SEDIMENTARY ROCK,SR,SEDIMENTARY ROCK,,,,,,,,,,,,,,,,,,,,,,,,
DIC_ROCK_MERGIN,SEDIMENTARY ROCK,"SILTSTONE AND MUDSTONE, INTERBEDDED","Siltstone and mudstone, interbedded","Siltstone and mudstone, interbedded",SIMD,3942,6194,CPST,COMPOSITE,SEDIMENT AND SEDIMENTARY ROCK,SR,SEDIMENTARY ROCK,,,,,,,,,,,,,,,,,,,,,,,,
DIC_ROCK_MERGIN,SEDIMENTARY ROCK,SILTSTONE AND SANDSTONE,Siltstone and sandstone,Siltstone and sandstone,SISD,1305,4300,CPST,COMPOSITE,SEDIMENT AND SEDIMENTARY ROCK,SR,SEDIMENTARY ROCK,,,,,,,,,,,,,,,,,,,,,,,,
DIC_ROCK_MERGIN,SEDIMENTARY ROCK,"SILTSTONE, MUDSTONE AND SANDSTONE","Siltstone, mudstone and sandstone","Siltstone, mudstone and sandstone",SIMS,2041,2091,CPST,COMPOSITE,SEDIMENT AND SEDIMENTARY ROCK,SR,SEDIMENTARY ROCK,,,,,,,,,,,,,,,,,,,,,,,,
DIC_ROCK_MERGIN,SEDIMENTARY ROCK,"SILTSTONE, SANDY","Siltstone, sandy",Sandy siltstone,SASLST,0,8817,MAIN,SINGLE,SEDIMENT AND SEDIMENTARY ROCK,SR,SEDIMENTARY ROCK,,,,,,,,,,,,,,,,,,,,,,,,
DIC_ROCK_MERGIN,SUPERFICIAL DEPOSIT,BOULDERS [UNLITHIFIED DEPOSITS CODING SCHEME],"Boulders [Unlithified Deposits Coding Scheme] - A type of natural superficial deposit. The Unlithified Deposits Coding Scheme was developed as a way of coding unlithified deposits (also commonly referred to as superficial deposits, unconsolidated deposits, or engineering soils) that is consistent with civil engineering industry usage (BS5930).",Boulders [UDCS],B,588,14498,UDCS,SINGLE,NATURAL SUPERFICIAL DEPOSIT,B,BOULDERS [UNLITHIFIED DEPOSITS CODING SCHEME],,,,,,,,,,,,,,,,,,,,,,,,
DIC_ROCK_MERGIN,SUPERFICIAL DEPOSIT,CLAY [UNLITHIFIED DEPOSITS CODING SCHEME],"Clay [Unlithified Deposits Coding Scheme] - A type of natural superficial deposit. The Unlithified Deposits Coding Scheme was developed as a way of coding unlithified deposits (also commonly referred to as superficial deposits, unconsolidated deposits, or engineering soils) that is consistent with civil engineering industry usage (BS5930).",Clay [UDCS],C,3000,135687,UDCS,SINGLE,NATURAL SUPERFICIAL DEPOSIT,C,CLAY [UNLITHIFIED DEPOSITS CODING SCHEME],,,,,,,,,,,,,,,,,,,,,,,,
DIC_ROCK_MERGIN,SUPERFICIAL DEPOSIT,CLAY AND SILT [UNLITHIFIED DEPOSITS CODING SCHEME],Clay and silt [Unlithified Deposits Coding Scheme - Extended],Clay and silt [UDCS-X],XCZ,9724,9781,CPST,COMPOSITE,NATURAL SUPERFICIAL DEPOSIT,C,CLAY [UNLITHIFIED DEPOSITS CODING SCHEME],,,,,,,,,,,,,,,,,,,,,,,,
DIC_ROCK_MERGIN,SUPERFICIAL DEPOSIT,"CLAY, SAND AND GRAVEL [UNLITHIFIED DEPOSITS CODING SCHEME]","Clay, sand and gravel [Unlithified Deposits Coding Scheme - Extended]","Clay, sand and gravel [UDCS-X]",XCSV,5164,5175,CPST,COMPOSITE,NATURAL SUPERFICIAL DEPOSIT,C,CLAY [UNLITHIFIED DEPOSITS CODING SCHEME],,,,,,,,,,,,,,,,,,,,,,,,
DIC_ROCK_MERGIN,SUPERFICIAL DEPOSIT,"CLAY, SILT AND SAND [UNLITHIFIED DEPOSITS CODING SCHEME]","Clay, silt and sand [Unlithified Deposits Coding Scheme - Extended]","Clay, silt and sand [UDCS-X]",XCZS,6223,6230,CPST,COMPOSITE,NATURAL SUPERFICIAL DEPOSIT,C,CLAY [UNLITHIFIED DEPOSITS CODING SCHEME],,,,,,,,,,,,,,,,,,,,,,,,
DIC_ROCK_MERGIN,SUPERFICIAL DEPOSIT,"CLAY, SILTY [UNLITHIFIED DEPOSITS CODING SCHEME]","Clay, silty [Unlithified Deposits Coding Scheme]",Silty clay [UDCS],CZ,4178,44667,UDCS,SINGLE,NATURAL SUPERFICIAL DEPOSIT,C,CLAY [UNLITHIFIED DEPOSITS CODING SCHEME],,,,,,,,,,,,,,,,,,,,,,,,
DIC_ROCK_MERGIN,SUPERFICIAL DEPOSIT,COBBLES [UNLITHIFIED DEPOSITS CODING SCHEME],"Cobbles [Unlithified Deposits Coding Scheme] - A type of natural superficial deposit. The Unlithified Deposits Coding Scheme was developed as a way of coding unlithified deposits (also commonly referred to as superficial deposits, unconsolidated deposits, or engineering soils) that is consistent with civil engineering industry usage (BS5930).",Cobbles [UDCS],L,0,1311,UDCS,SINGLE,NATURAL SUPERFICIAL DEPOSIT,L,COBBLES [UNLITHIFIED DEPOSITS CODING SCHEME],,,,,,,,,,,,,,,,,,,,,,,,
DIC_ROCK_MERGIN,SUPERFICIAL DEPOSIT,DIAMICTON,"Diamicton - A type of siliciclastic sediment and sedimentary rock. Sediments that are poorly sorted and contain a wide range of clast sizes can be given this root name. The strict descriptive definition relates to range of particle size and not to relative abundance of any or all size classes. These sediment types therefore traverse the boundary of siliciclastic rudaceous, arenaceous and argillaceous sediments. This is the unconsolidated equivalent of diamictite. British Geological Survey Research Report RR/99/03, section 2 and figs. 2, 3 and 5.",Diamicton,DMTN,78727,134208,MAIN,SINGLE,SEDIMENT AND SEDIMENTARY ROCK,+*SSSR,SILICICLASTIC SEDIMENTS AND SEDIMENTARY ROCKS,,,,,,,,,,,,,,,,,,,,,,,,
DIC_ROCK_MERGIN,SUPERFICIAL DEPOSIT,"DIAMICTON, SAND AND GRAVEL [UNLITHIFIED DEPOSITS CODING SCHEME - EXTENDED]","Diamicton, sand and gravel [Unlithified Deposits Coding Scheme - Extended]","Diamicton, sand and gravel [UDCS-X]",XDSV,11668,11669,CPST,COMPOSITE,SEDIMENT AND SEDIMENTARY ROCK,+*SSSR,SILICICLASTIC SEDIMENTS AND SEDIMENTARY ROCKS,,,,,,,,,,,,,,,,,,,,,,,,
DIC_ROCK_MERGIN,SUPERFICIAL DEPOSIT,GRAVEL [UNLITHIFIED DEPOSITS CODING SCHEME],"Gravel [Unlithified Deposits Coding Scheme] - A type of natural superficial deposit. The Unlithified Deposits Coding Scheme was developed as a way of coding unlithified deposits (also commonly referred to as superficial deposits, unconsolidated deposits, or engineering soils) that is consistent with civil engineering industry usage (BS5930).",Gravel [UDCS],V,6139,28285,UDCS,SINGLE,NATURAL SUPERFICIAL DEPOSIT,V,GRAVEL [UNLITHIFIED DEPOSITS CODING SCHEME],,,,,,,,,,,,,,,,,,,,,,,,
DIC_ROCK_MERGIN,SUPERFICIAL DEPOSIT,"GRAVEL, SAND AND SILT [UNLITHIFIED DEPOSITS CODING SCHEME]","Gravel, sand and silt [Unlithified Deposits Coding Scheme - Extended]","Gravel, sand and silt [UDCS-X]",XVSZ,25469,25469,CPST,COMPOSITE,NATURAL SUPERFICIAL DEPOSIT,S,SAND [UNLITHIFIED DEPOSITS CODING SCHEME],,,,,,,,,,,,,,,,,,,,,,,,
DIC_ROCK_MERGIN,SUPERFICIAL DEPOSIT,PEAT [UNLITHIFIED DEPOSITS CODING SCHEME],"Peat [Unlithified Deposits Coding Scheme] - A type of natural superficial deposit. The Unlithified Deposits Coding Scheme was developed as a way of coding unlithified deposits (also commonly referred to as superficial deposits, unconsolidated deposits, or engineering soils) that is consistent with civil engineering industry usage (BS5930). See also: peat.",Peat [UDCS],P,59249,72312,UDCS,SINGLE,NATURAL SUPERFICIAL DEPOSIT,P,PEAT [UNLITHIFIED DEPOSITS CODING SCHEME],,,,,,,,,,,,,,,,,,,,,,,,
DIC_ROCK_MERGIN,SUPERFICIAL DEPOSIT,REGOLITH,"Regolith - A type of residual deposit. It is a general term used to describe the in situ or nearly in situ weathered products (including disintegrated rock, rock fragments and mineral grains) overlying fresh or relatively fresh rock (the weathered mantle). It can be subdivided into weathered rock and saprolite, and classified according to engineering geological weathered rock grades. British Geological Survey Research Report RR/99/04, appendix 2. Synonym: blanket head.",Regolith,REGOL,1248,1251,MAIN,SINGLE,NATURAL SUPERFICIAL DEPOSIT,RESDP,RESIDUAL DEPOSITS,,,,,,,,,,,,,,,,,,,,,,,,
DIC_ROCK_MERGIN,SUPERFICIAL DEPOSIT,ROCK,Rock - This term is used for any unidentified rock.,Rock,ROCK,75510,346559,MAIN,SINGLE,ROCK,,,,,,,,,,,,,,,,,,,,,,,,,,
DIC_ROCK_MERGIN,SUPERFICIAL DEPOSIT,"ROCK FRAGMENTS, ANGULAR, UNDIFFERENTIATED SOURCE ROCK","Rock fragments, angular, undifferentiated source rock","Rock fragments, angular, undifferentiated source rock",RFA,5126,5127,CPST,COMPOSITE,NATURAL SUPERFICIAL DEPOSIT,B,BOULDERS [UNLITHIFIED DEPOSITS CODING SCHEME],,,,,,,,,,,,,,,,,,,,,,,,
DIC_ROCK_MERGIN,SUPERFICIAL DEPOSIT,SAND [UNLITHIFIED DEPOSITS CODING SCHEME],"Sand [Unlithified Deposits Coding Scheme] - A type of natural superficial deposit. The Unlithified Deposits Coding Scheme was developed as a way of coding unlithified deposits (also commonly referred to as superficial deposits, unconsolidated deposits, or engineering soils) that is consistent with civil engineering industry usage (BS5930).",Sand [UDCS],S,11363,63802,UDCS,SINGLE,NATURAL SUPERFICIAL DEPOSIT,S,SAND [UNLITHIFIED DEPOSITS CODING SCHEME],,,,,,,,,,,,,,,,,,,,,,,,
DIC_ROCK_MERGIN,SUPERFICIAL DEPOSIT,SAND AND CLAY [UNLITHIFIED DEPOSITS CODING SCHEME],Sand and clay [Unlithified Deposits Coding Scheme - Extended],Sand and clay [UDCS-X],XSC,486,615,CPST,COMPOSITE,NATURAL SUPERFICIAL DEPOSIT,C,CLAY [UNLITHIFIED DEPOSITS CODING SCHEME],,,,,,,,,,,,,,,,,,,,,,,,
DIC_ROCK_MERGIN,SUPERFICIAL DEPOSIT,SAND AND GRAVEL [UNLITHIFIED DEPOSITS CODING SCHEME],Sand and gravel [Unlithified Deposits Coding Scheme - Extended],Sand and gravel [UDCS-X],XSV,102996,103541,CPST,COMPOSITE,NATURAL SUPERFICIAL DEPOSIT,S,SAND [UNLITHIFIED DEPOSITS CODING SCHEME],,,,,,,,,,,,,,,,,,,,,,,,
DIC_ROCK_MERGIN,SUPERFICIAL DEPOSIT,SAND AND SILT [UNLITHIFIED DEPOSITS CODING SCHEME],Sand and silt [Unlithified Deposits Coding Scheme - Extended],Sand and silt [UDCS-X],XSZ,1048,1072,CPST,COMPOSITE,NATURAL SUPERFICIAL DEPOSIT,S,SAND [UNLITHIFIED DEPOSITS CODING SCHEME],,,,,,,,,,,,,,,,,,,,,,,,
DIC_ROCK_MERGIN,SUPERFICIAL DEPOSIT,"SAND, GRAVEL AND BOULDERS [UNLITHIFIED DEPOSITS CODING SCHEME]","Sand, gravel and boulders [Unlithified Deposits Coding Scheme - Extended]","Sand, gravel and boulders [UDCS-X]",XSVB,5684,5687,CPST,COMPOSITE,NATURAL SUPERFICIAL DEPOSIT,B,BOULDERS [UNLITHIFIED DEPOSITS CODING SCHEME],,,,,,,,,,,,,,,,,,,,,,,,
DIC_ROCK_MERGIN,SUPERFICIAL DEPOSIT,"SAND, GRAVELLY [UNLITHIFIED DEPOSITS CODING SCHEME]","Sand, gravelly [Unlithified Deposits Coding Scheme]",Gravelly sand [UDCS],SV,1466,42196,UDCS,SINGLE,NATURAL SUPERFICIAL DEPOSIT,S,SAND [UNLITHIFIED DEPOSITS CODING SCHEME],,,,,,,,,,,,,,,,,,,,,,,,
DIC_ROCK_MERGIN,SUPERFICIAL DEPOSIT,"SAND, SILT AND CLAY [UNLITHIFIED DEPOSITS CODING SCHEME]","Sand, silt and clay [Unlithified Deposits Coding Scheme - Extended]","Sand, silt and clay [UDCS-X]",XSZC,3672,3680,CPST,COMPOSITE,NATURAL SUPERFICIAL DEPOSIT,C,CLAY [UNLITHIFIED DEPOSITS CODING SCHEME],,,,,,,,,,,,,,,,,,,,,,,,
DIC_ROCK_MERGIN,SUPERFICIAL DEPOSIT,SILT [UNLITHIFIED DEPOSITS CODING SCHEME],"Silt [Unlithified Deposits Coding Scheme] - A type of natural superficial deposit. The Unlithified Deposits Coding Scheme was developed as a way of coding unlithified deposits (also commonly referred to as superficial deposits, unconsolidated deposits, or engineering soils) that is consistent with civil engineering industry usage (BS5930).",Silt [UDCS],Z,894,12115,UDCS,SINGLE,NATURAL SUPERFICIAL DEPOSIT,Z,SILT [UNLITHIFIED DEPOSITS CODING SCHEME],,,,,,,,,,,,,,,,,,,,,,,,
DIC_ROCK_MERGIN,SUPERFICIAL DEPOSIT,SILT AND CLAY [UNLITHIFIED DEPOSITS CODING SCHEME],Silt and clay [Unlithified Deposits Coding Scheme - Extended],Silt and clay [UDCS-X],XZC,980,993,CPST,COMPOSITE,NATURAL SUPERFICIAL DEPOSIT,C,CLAY [UNLITHIFIED DEPOSITS CODING SCHEME],,,,,,,,,,,,,,,,,,,,,,,,
DIC_ROCK_MERGIN,SUPERFICIAL DEPOSIT,"SILT, SAND AND GRAVEL [UNLITHIFIED DEPOSITS CODING SCHEME]","Silt, sand and gravel [Unlithified Deposits Coding Scheme - Extended]","Silt, sand and gravel [UDCS-X]",XZSV,4897,4897,CPST,COMPOSITE,NATURAL SUPERFICIAL DEPOSIT,S,SAND [UNLITHIFIED DEPOSITS CODING SCHEME],,,,,,,,,,,,,,,,,,,,,,,,
DIC_ROCK_MERGIN,VEIN ROCK,BARYTE (VEIN),Baryte (vein) - A type of vein rock.,Baryte (vein),VBA,0,7,MAIN,SINGLE,VEIN ROCK,VBA,BARYTE (VEIN),,,,,,,,,,,,,,,,,,,,,,,,
DIC_ROCK_MERGIN,VEIN ROCK,"BRECCIA, QUARTZ (VEIN)",Quartz breccia (vein) - A type of vein rock.,Quartz breccia (vein),VQBR,172,173,MAIN,SINGLE,VEIN ROCK,VQBR,"BRECCIA, QUARTZ (VEIN)",,,,,,,,,,,,,,,,,,,,,,,,
DIC_ROCK_MERGIN,VEIN ROCK,COPPER (VEIN),Copper (vein) - A type of vein rock.,Copper (vein),VCU,0,1,MAIN,SINGLE,VEIN ROCK,VCU,COPPER (VEIN),,,,,,,,,,,,,,,,,,,,,,,,
DIC_ROCK_MERGIN,VEIN ROCK,HEMATITE (VEIN),Hematite (vein) - A type of vein rock.,Hematite (vein),VHEM,0,1,MAIN,SINGLE,VEIN ROCK,VHEM,HEMATITE (VEIN),,,,,,,,,,,,,,,,,,,,,,,,
DIC_ROCK_MERGIN,VEIN ROCK,IRON (VEIN),Iron (vein) - A type of vein rock.,Iron (vein),VFE,0,0,MAIN,SINGLE,VEIN ROCK,VFE,IRON (VEIN),,,,,,,,,,,,,,,,,,,,,,,,
DIC_ROCK_MERGIN,VEIN ROCK,LEAD (VEIN),Lead (vein) - A type of vein rock.,Lead (vein),VPB,0,0,MAIN,SINGLE,VEIN ROCK,VPB,LEAD (VEIN),,,,,,,,,,,,,,,,,,,,,,,,
DIC_ROCK_MERGIN,VEIN ROCK,LEAD-ZINC (VEIN),Lead-zinc (vein) - A type of vein rock.,Lead-zinc (vein),VNPZ,0,0,MAIN,SINGLE,VEIN ROCK,VNPZ,LEAD-ZINC (VEIN),,,,,,,,,,,,,,,,,,,,,,,,
DIC_ROCK_MERGIN,VEIN ROCK,PYRITE (VEIN),Pyrite (vein) - A type of vein rock.,Pyrite (vein),VPYR,0,1,MAIN,SINGLE,VEIN ROCK,VPYR,PYRITE (VEIN),,,,,,,,,,,,,,,,,,,,,,,,
DIC_ROCK_MERGIN,VEIN ROCK,QUARTZ (VEIN),Quartz (vein) - A type of vein rock.,Quartz (vein),VQ,235,301,MAIN,SINGLE,VEIN ROCK,VQ,QUARTZ (VEIN),,,,,,,,,,,,,,,,,,,,,,,,
DIC_ROCK_MERGIN,VEIN ROCK,"ROCK, MINERALIZED","Rock, mineralized - This term is used for any rock showing a significant degree of mineralization.",Mineralized rock,MROC,13,13,MAIN,SINGLE,"ROCK, MINERALIZED",,,,,,,,,,,,,,,,,,,,,,,,,,
DIC_ROCK_MERGIN,VEIN ROCK,URANIUM (VEIN),Uranium (vein) - A type of vein rock.,Uranium (vein),VU,0,0,MAIN,SINGLE,VEIN ROCK,VU,URANIUM (VEIN),,,,,,,,,,,,,,,,,,,,,,,,
DIC_ROCK_MERGIN,VEIN ROCK,VEIN ROCK,Vein rock.,Vein rock,VROC,0,0,MAIN,SINGLE,VEIN ROCK,,,,,,,,,,,,,,,,,,,,,,,,,,
DIC_ROCK_MERGIN,VEIN ROCK,ZINC (VEIN),Zinc (vein) - A type of vein rock.,Zinc (vein),VZN,0,0,MAIN,SINGLE,VEIN ROCK,VZN,ZINC (VEIN),,,,,,,,,,,,,,,,,,,,,,,,
